sensor,axis,true_bias,estimated_bias_only,true_scale,estimated_scale,estimated_bias,bias_error,scale_error
accelerometer,x,0.05,0.04986873849533067,1.02,1.0450762525601855,0.04986873849533069,-0.00013126150466931386,0.02507625256018553
accelerometer,y,-0.03,-0.030784125489101002,0.98,1.1315108342190092,-0.03300373887494141,-0.00300373887494141,0.15151083421900924
accelerometer,z,0.02,0.11806076974723814,1.01,1.0,0.11806076974723814,0.09806076974723814,-0.010000000000000009
gyroscope,x,0.01,0.009523498947332225,1.01,1.0,0.009523498947332225,-0.00047650105266777536,-0.010000000000000009
gyroscope,y,-0.015,-0.015003303926002992,0.99,1.0,-0.015003303926002992,-3.3039260029926742e-06,0.010000000000000009
gyroscope,z,0.008,0.012899048712297904,1.03,1.032880439783072,0.007754862744686615,-0.0002451372553133853,0.002880439783071953
